bill_id,question_id,question,answer
bill1,Q1,How much of my bill is taxes?,"Your bill shows a total of Rs. 1,723.51 for taxes. This is added to your total electricity charges of Rs. 3,777.49 to make up your current bill of Rs. 5,501."
bill1,Q2,What is the breakdown of charges on my bill this month?,"Your current bill shows Total Electricity Charges of Rs. 3,777.49 and Taxes of Rs. 1,723.51, making a Current Bill total of Rs. 5,501. Additionally, you have Rs. 39,411 in Arrears, bringing your Grand Total (payable within the due date) to Rs. 44,912."
bill1,Q3,What is my total bill amount and the due date for payment?,"Your total bill amount payable within the due date is Rs. 44,912 (which includes Rs. 39,411 in arrears and Rs. 5,501 for the current bill). The due date for payment is 09 SEP 26."
bill1,Q4,"How many units did I consume this month, and what were my meter readings?","You consumed 65 units this month. Your previous meter reading was 22,238 and your present meter reading is 22,303."
bill1,Q5,How much would I save if I paid before the due date?,"You would save Rs. 351 if you paid before the due date. This is the difference between the payable amount after the due date (Rs. 45,263) and the payable amount within the due date (Rs. 44,912)."
bill1,Q6,What tariffs and sanctioned load is my bill based on?,Your bill is based on tariff category **A-2a(04)** (Commercial) and a sanctioned load of **1 kW**.
bill1,Q7,What are the tax items on my bill and their amounts?,"The bill shows a total tax amount of Rs. 1,723.51 under ""Taxes"". However, the specific breakdown of individual tax items and their separate amounts is not printed on the bill."
bill1,Q8,How much arrears or previous dues are included in my bill?,"Your bill includes arrears of Rs. 39,411. This amount is added to your current bill of Rs. 5,501 to make the grand total payable within the due date Rs. 44,912."
bill1,Q9,How many months in my consumption history were above 800 units?,"Based on the ""Bill History"" section of your bill, looking through the listed months from August 2025 to July 2026, there are **0** months where the consumption was above 800 units. The highest recorded consumption in that table is 440 units (August 2025)."
bill1,Q10,What is my average monthly consumption shown on the bill?,"The bill does not show a pre-calculated average monthly consumption. However, based on the 12-month ""Bill History"" table printed on the bill, the total consumption is 3,243 units (440 + 407 + 243 + 166 + 206 + 124 + 187 + 257 + 264 + 434 + 350 + 225). This results in an estimated monthly average of approximately 270.25 units (3,243 units ÷ 12 months)."
bill1,Q11,What is the late-payment surcharge after the due date?,"Based on the bill, the total amount payable after the due date is 45,263. This is calculated by taking the payable amount within the due date (44,912) and adding the late payment surcharge after the due date (351)."
bill1,Q12,Is there any subsidy applied to my bill? How much?,"Based on the bill, the ""Subsidies"" (رعایت) section shows a value of 0.00, meaning no subsidy has been applied to your bill. Your Total Electricity Charges are Rs. 3,777.49 and Net Electricity Charges remain the same at Rs. 3,777.49."
bill1,Q13,What is the date of the bill issue and the billing period covered?,"The bill was issued on August 29, 2026 (29 AUG 26). The bill covers the billing month of August 2026 (AUG 2026), with the reading taken on August 26, 2026."
bill1,Q14,What meter reading date is on my bill and the reading on that date?,"The meter reading date on your bill is 26 AUG 26. On that date, the present reading recorded is 22303 (and the previous reading shown is 22238)."
bill1,Q15,"How much do I have to pay after the due date, including surcharges?","The total amount payable after the due date is 45,263 Rs (which includes a late payment surcharge of 351 Rs printed on the bill)."
bill1,Q16,"Was my last month's consumption higher or lower than this month, based on the history on the bill?","Based on the bill history chart, last month's consumption (Jul 26) was 225 units, which is higher than this month's (Aug 2026) consumption of 65 units."
bill1,Q17,What is the fixed charge on my bill and how was it calculated?,"The provided bill does not list a specific ""fixed charge"" line item, nor does it provide a breakdown of how the total electricity charges of 3,777.49 were calculated. Therefore, I cannot confirm if a fixed charge is included or how it was derived from the information shown."
bill1,Q18,"What did my previous bill amount to, if shown on this bill?","Based on the ""Bill History"" section of your bill, the previous month shown is **JUL 26** (July 2026), which had a bill amount of **38,441 Rs**. 

Looking further back at the immediate preceding months listed in the history:
- **JUN 26**: 22,523 Rs
- **MAY 26**: 47,317 Rs
- **APR 26**: 17,999 Rs"
bill2,Q1,How much of my bill is taxes?,"Based on your bill, the total amount for taxes is 3,358.23. This is added to your total electricity charges of 17,367.77 to make up your current bill of 20,726."
bill2,Q2,What is the breakdown of charges on my bill this month?,"Based on the ""Bill Charges Breakdown"" section of your bill, the charges are as follows: Total Electricity Charges are Rs. 17,367.77, Net Electricity Charges are Rs. 17,367.77 (with no subsidies listed), and Taxes are Rs. 3,358.23. This brings your Current Bill to Rs. 20,726. Additionally, you have Arrears of Rs. -75,496, resulting in a credit Grand Total (payable within due date) of Rs. 54,770 CR."
bill2,Q3,What is my total bill amount and the due date for payment?,"Your total amount payable within the due date is 54,770 CR (credit balance), meaning you have an overpayment/credit. The due date for payment is 30 JUL 26."
bill2,Q4,"How many units did I consume this month, and what were my meter readings?","Your bill shows multiple meter registers with the following readings: Register 1 had a previous reading of 11,561 and a current reading of 12,578 (1,017 units); Register 2 had 3,260 to 3,562 (302 units); Register 3 had 21,822 to 22,859 (1,037 units); and Register 4 had 5 to 5 (0 units)."
bill2,Q5,How much would I save if I paid before the due date?,"Based on the bill, the payable amount within the due date is 54,770 CR (credit) and the payable amount after the due date is 0 (marked as ""NOT TO BE PAID""). Therefore, you would not save any extra amount by paying before the due date, as there is no late payment surcharge or penalty listed for paying later."
bill2,Q6,What tariffs and sanctioned load is my bill based on?,Your bill is based on tariff category **A-1b(03)T** (Domestic) and a sanctioned load of **10 kW**.
bill2,Q7,What are the tax items on my bill and their amounts?,"The bill shows a total tax amount of Rs. 3,358.23 under ""Taxes"". However, the bill does not list the individual tax items or a breakdown of these taxes."
bill2,Q8,How much arrears or previous dues are included in my bill?,"Your bill shows arrears of -75,496 Rs. (a credit balance), which indicates an advance payment or overpayment of 75,496 Rs. carried over from previous billing cycles."
bill2,Q9,How many months in my consumption history were above 800 units?,"Based on the ""BILL HISTORY"" section of the bill, there is **1** month listed with consumption above 800 units: **MAR 26** with 818 units. (Note: FEB 26 shows 809 units, but these figures are displayed with negative signs in the history table, so interpreting them strictly as positive values leaves only MAR 26 strictly above 800)."
bill2,Q10,What is my average monthly consumption shown on the bill?,"The bill does not explicitly state an average monthly consumption value. However, the bill history section lists consumption units for the past 12 months (Jul 25 to Jun 26), which you can use to calculate an average."
bill2,Q11,What is the late-payment surcharge after the due date?,"The bill lists the Late Payment (L.P.) Surcharge as 0 (both ""Upto 03/08/26"" and ""After 03/08/26""). Consequently, the total payable after the due date is shown as ""NOT TO BE PAID"" due to your credit balance."
bill2,Q12,Is there any subsidy applied to my bill? How much?,"The bill does not show any subsidy applied, as the line item for ""Subsidies"" under the Bill Charges Breakdown is blank."
bill2,Q13,What is the date of the bill issue and the billing period covered?,"The bill issue date is July 20, 2026 (20 JUL 26) and the bill month is July 2026 (JUL 2026). The bill does not explicitly state the start and end dates of the billing period, other than showing a reading date of July 17, 2026 (17 JUL 26)."
bill2,Q14,What meter reading date is on my bill and the reading on that date?,"The meter reading date printed on your bill is 17 JUL 26. Since your bill lists multiple meter registers under ""Meter Info"", there are several current (present) readings recorded on that date: 12,578 (units: 1,017), 3,562 (units: 302), 22,859 (units: 1,037), and 5 (units: nil)."
bill2,Q15,"How much do I have to pay after the due date, including surcharges?","Based on your bill, the amount payable after the due date is listed as ""NOT TO BE PAID"" (with 0 surcharge printed for both periods up to and after 03/08/26). This is because you have a credit balance (advance payment) of 54,770 CR."
bill2,Q16,"Was my last month's consumption higher or lower than this month, based on the history on the bill?","Based on the ""Bill History"" table provided on the bill, your consumption for the previous month (June 2026) was -152 units. Your consumption for the current month (July 2026) is 1,017 units, meaning your consumption is significantly higher this month compared to last month."
bill2,Q17,What is the fixed charge on my bill and how was it calculated?,"The bill does not show a line item for fixed charges, nor does it provide a breakdown of how any fixed charges were calculated. The ""Bill Charges Breakdown"" section only lists Total Electricity Charges (17,367.77), Taxes (3,358.23), and Current Bill (20,726)."
bill2,Q18,"What did my previous bill amount to, if shown on this bill?","The bill shows the previous month's bill amount (for Jun 26) in the ""BILL HISTORY"" section as -75,496 Rs."
bill3,Q1,How much of my bill is taxes?,"Your total taxes amount to Rs. 498, which is listed as GST in the bill breakdown. This makes up 15.24% of your current bill charges."
bill3,Q2,What is the breakdown of charges on my bill this month?,"Your bill breakdown shows Total Electricity Charges of Rs. 6,102 minus Subsidies of Rs. 3,332, resulting in Net Electricity Charges of Rs. 2,770. Adding Taxes of Rs. 498 brings your Current Bill to Rs. 3,267 (which includes a Total FPA of Rs. 267). With zero arrears, the final payable amount is Rs. 3,535 within the due date."
bill3,Q3,What is my total bill amount and the due date for payment?,"Your total payable amount within the due date is 3,535 (or 3,674 if paid by 12-OCT-26), and 3,812 if paid after the due date. The due date for payment is 08 OCT 26."
bill3,Q4,"How many units did I consume this month, and what were my meter readings?","You consumed 158 units this month. Your previous meter reading was 9301, and your current meter reading is 9459, which gives the difference of 158 units consumed."
bill3,Q5,How much would I save if I paid before the due date?,"You would save Rs. 277 if you paid before the due date. This is the difference between the payable amount after the due date (Rs. 3,812) and the payable amount within the due date (Rs. 3,535)."
bill3,Q6,What tariffs and sanctioned load is my bill based on?,"Your bill is based on the Domestic tariff category, with the specific tariff code A-1A(01). Additionally, the sanctioned load shown on the bill is 3 kW."
bill3,Q7,What are the tax items on my bill and their amounts?,"Based on your bill, the only tax item listed is GST (General Sales Tax), which amounts to Rs. 498. The bill does not show any other separate tax items."
bill3,Q8,How much arrears or previous dues are included in my bill?,"Your bill shows the arrears as 0 (Rs. 0). Therefore, no previous dues are included in your current bill amount."
bill3,Q9,How many months in my consumption history were above 800 units?,"The bill does not show any months in the consumption history where units were above 800. Looking at the ""Bill History"" section, the recorded monthly units range from 20 (Sep 25) to 197 (Jun 26), with none exceeding 800 units."
bill3,Q10,What is my average monthly consumption shown on the bill?,"The bill does not show a pre-calculated average monthly consumption. However, based on the 12-month bill history section, you can estimate it by adding the units consumed for all 12 months (Sep 25 to Aug 26: 20 + 163 + 140 + 102 + 105 + 116 + 104 + 133 + 176 + 197 + 110 + 47 = 1,413 units) and dividing by 12, which gives an average of approximately 117.75 units per month."
bill3,Q11,What is the late-payment surcharge after the due date?,"Based on your bill, the late-payment surcharge (LP Surcharge) shown is 277 for payment after the due date (while the surcharge within the installment/extended date of 12-OCT-26 is 139). This makes your total payable after the due date 3,812 (calculated as the payable within due date of 3,535 plus the 277 surcharge)."
bill3,Q12,Is there any subsidy applied to my bill? How much?,"Yes, a subsidy has been applied to your bill. The amount of the subsidy is 3,332 Rs."
bill3,Q13,What is the date of the bill issue and the billing period covered?,"The issue date of the bill is September 26, 2026 (26 SEP 26). The bill covers the billing month of September 2026 (SEP 26) based on the reading date of September 25, 2026. The bill does not explicitly print a specific start date for the billing period."
bill3,Q14,What meter reading date is on my bill and the reading on that date?,"The reading date shown on your bill is September 25, 2026 (25 SEP 26). The current meter reading on that date is 9459 units (and the previous reading was 9301 units, resulting in 158 units consumed)."
bill3,Q15,"How much do I have to pay after the due date, including surcharges?","Based on your bill, the amount payable after the due date is 3,812 (applicable after 12-OCT-26). This includes the standard payable amount plus a Late Payment (LP) Surcharge of 277."
bill3,Q16,"Was my last month's consumption higher or lower than this month, based on the history on the bill?","Based on the bill history table, your consumption last month (Aug 26) was 47 units. This is lower than this month's consumption (Sep 26) of 158 units (calculated as current reading 9459 minus previous reading 9301)."
bill3,Q17,What is the fixed charge on my bill and how was it calculated?,"The bill does not show any fixed charge listed in the bill charges breakdown or charges list. It only displays energy charges (Rs. 6,102), subsidies (Rs. -3,332), FPA (Rs. 267), and GST (Rs. 498)."
bill3,Q18,"What did my previous bill amount to, if shown on this bill?","The bill shows a ""BILL HISTORY"" table with past months. For the immediately preceding month listed (Aug 26), the bill amount was 3,198 Rs with 47 units consumed."
bill4,Q1,How much of my bill is taxes?,"The total amount for taxes and duties on your bill is Rs. 569.62. This comprises Electricity Duty (Rs. 29.41), Sales Tax (Rs. 520.21), and Municipal Tax/MUCT (Rs. 20.00)."
bill4,Q2,What is the breakdown of charges on my bill this month?,"Your bill totals Rs. 3,430.24 for the current month (rounded to Rs. 3,430 within the due date), consisting of Rs. 2,860.62 in electricity charges and Rs. 569.62 in taxes and duties. 

The electricity charges breakdown includes:
- Fixed Charges: Rs. 900.00
- Variable Energy Charges (100 units protected): Rs. 1,054.00
- Variable Energy Charges (51 units protected): Rs. 663.51
- Uniform Quarterly Adjustment: Rs. 52.91
- FCA (Feb-26): Rs. 125.27
- Additional Surcharge (PHL): Rs. 64.93

The taxes and duties breakdown includes:
- Electricity Duty: Rs. 29.41
- GST: Rs. 520.21
- Municipal Tax (MUCT/KMC): Rs. 20.00"
bill4,Q3,What is my total bill amount and the due date for payment?,"Your total bill amount payable within the due date is Rs. 3,430 (exact current bill: Rs. 3,430.24). The due date for payment is 21st Apr 2026. If paid after the due date, the amount payable increases to Rs. 3,716."
bill4,Q4,"How many units did I consume this month, and what were my meter readings?",You consumed 151 units this month. Your previous meter reading was 8819 and your current meter reading is 8970.
bill4,Q5,How much would I save if I paid before the due date?,"If you pay before the due date, the payable amount is Rs. 3,430. If paid after the due date (after 24-Apr), the amount increases to Rs. 3,716 due to late payment surcharges. Therefore, you would save **Rs. 286** (Rs. 3,716 - Rs. 3,430) by paying on time."
bill4,Q6,What tariffs and sanctioned load is my bill based on?,Your bill is based on tariff **A1-R** and a sanctioned load of **3 kW**.
bill4,Q7,What are the tax items on my bill and their amounts?,"The tax and duty items listed on your bill under ""Taxes and Duties"" are:
- Electricity Duty: Rs. 29.41
- Sales Tax u/s 3(1): Rs. 520.21
- MUCT (KMC): Rs. 20.00
This brings the total taxes and duties to Rs. 569.62."
bill4,Q8,How much arrears or previous dues are included in my bill?,Your bill shows previous dues (or arrears) of Rs. -0.53. This negative amount indicates you have a credit balance of Rs. 0.53 carried over from the previous billing cycle.
bill4,Q9,How many months in my consumption history were above 800 units?,"Based on the 13 Month Usage History chart on your bill, there are **0** months where consumption was above 800 units. The highest monthly consumption shown in the history is 239 units (in July)."
bill4,Q10,What is my average monthly consumption shown on the bill?,"The bill does not explicitly state an average monthly consumption figure. However, based on the ""13 Month Usage History"" chart provided on the bill, the total consumption for the last 13 months (April 2025 to April 2026) is 1,916 units. Calculating the average over these 13 months (1,916 units ÷ 13 months) results in approximately 147.38 units per month."
bill4,Q11,What is the late-payment surcharge after the due date?,"The bill shows two tiers of late payment surcharges (LPS) depending on when payment is made after the due date of 21st Apr 2026: a 5% surcharge of Rs. 143.03 (applicable if paid between 22nd-24th Apr 2026, bringing the total to Rs. 3,574) and a 10% surcharge of Rs. 286.06 (applicable if paid after 24th Apr 2026, bringing the total to Rs. 3,716)."
bill4,Q12,Is there any subsidy applied to my bill? How much?,"The bill does not show any subsidy applied to your charges. All listed line items represent standard fixed charges, energy charges, adjustments, surcharges, and taxes."
bill4,Q13,What is the date of the bill issue and the billing period covered?,"The bill issue date is 07-Apr-2026. The bill month shown is Apr-26, covering a reading date of 03-Apr-2026 with a billing period of 1 month."
bill4,Q14,What meter reading date is on my bill and the reading on that date?,"The meter reading date printed on your bill is 03-Apr-26. On that date, the current reading is recorded as 8970 (with a previous reading of 8819, totaling 151 units consumed)."
bill4,Q15,"How much do I have to pay after the due date, including surcharges?","Based on your bill, the amount payable after the due date depends on when you pay:
- If paid between 22-Apr and 24-Apr, the amount is Rs. 3,574 (includes a 5% Late Payment Surcharge of Rs. 143.03).
- If paid after 24-Apr, the total amount payable is Rs. 3,716 (includes a 10% Late Payment Surcharge of Rs. 286.06)."
bill4,Q16,"Was my last month's consumption higher or lower than this month, based on the history on the bill?","Based on the ""13 Month Usage History"" chart on the bill, your last month's (March 2026) consumption was 115 units, which is lower than this month's (April 2026) consumption of 151 units."
bill4,Q17,What is the fixed charge on my bill and how was it calculated?,"The fixed charge on your bill is Rs. 900.00. According to the Bill Calculation section, this is calculated based on 3.00 units (kW sanctioned load) multiplied by a rate of 300.0000 per unit (3.00 × 300.00 = 900.00)."
bill4,Q18,"What did my previous bill amount to, if shown on this bill?","The bill shows the ""Billing & Payment History"" section with the amounts billed for the previous three months: Rs. 2,577.31 for 03/26, Rs. 2,782.51 for 02/26, and Rs. 2,780.55 for 01/26."
bill5,Q1,How much of my bill is taxes?,"Your total taxes and duties amount to Rs. 7,472.24. This includes Rs. 520.85 for Electricity Duty and Rs. 6,951.39 for Sales Tax (GST), making up 16.40% of your total current charges."
bill5,Q2,What is the breakdown of charges on my bill this month?,"Your total electricity charges for this month are Rs. 38,098.01, which consist of Fixed Charges (Rs. 3,375.00), Variable Off Peak energy (Rs. 26,257.99), Variable Peak energy (Rs. 6,582.43), Uniform Quarterly Adjustments (Rs. -1,442.74 and Rs. 61.10), FCA for Apr-26 (Rs. 354.19), and Additional Surcharge PHL (Rs. 2,910.04). Additionally, taxes and duties total Rs. 7,472.24 (comprising Electricity Duty of Rs. 520.85 and Sales Tax of Rs. 6,951.39), bringing your current bill total to Rs. 45,570.25."
bill5,Q3,What is my total bill amount and the due date for payment?,"Your current bill amount is Rs. 45,570.25 for 901 units consumed. However, due to your credit arrears of Rs. -91,877.02 and net metering benefit, the total amount payable within the due date (13th Jul 2026) is Rs. 0.00."
bill5,Q4,"How many units did I consume this month, and what were my meter readings?","You consumed a total of 901 units this month. Your meter readings are listed across four registers: Energy - Off Peak (previous: 1163.29, current: 1923.73, units: 760.44), Energy - Peak (previous: 402.35, current: 542.85, units: 140.5), Import Energy Off Peak (previous: 10865.55, current: 12238.4, units: 1372.85), and Import Energy Peak (previous: 4.97, current: 6.53, units: 1.56)."
bill5,Q5,How much would I save if I paid before the due date?,"Based on your bill, paying before the due date will not save you any additional money because the amount payable within the due date and after the due date are both listed as Rs. 0.00. This is due to your negative arrears (credit balance) of Rs. -91,877.02 fully covering your current bill amount of Rs. 45,570.25, leaving a net outstanding balance of Rs. -160,946.90."
bill5,Q6,What tariffs and sanctioned load is my bill based on?,Your bill is based on tariff **A1-R**. The sanctioned load printed on the bill is **10 kW**.
bill5,Q7,What are the tax items on my bill and their amounts?,"The tax items listed on your bill are Electricity Duty amounting to Rs. 520.85 and Sales Tax u/s 3(1) amounting to Rs. 6,951.39. Combined, the total taxes and duties for the month equal Rs. 7,472.24."
bill5,Q8,How much arrears or previous dues are included in my bill?,"Based on your bill, the previous dues (or arrears) included are Rs. -91,877.02. This negative amount represents a credit balance carried over from your account."
bill5,Q9,How many months in my consumption history were above 800 units?,"Based on the ""13 Month Usage History"" chart provided on the bill, there is only 1 month (June 2026) with consumption above 800 units, which recorded 901 units. All other months shown in the history are below 800 units."
bill5,Q10,What is my average monthly consumption shown on the bill?,"The bill does not show a pre-calculated average monthly consumption. However, based on the ""13 Month Usage History"" chart, you can estimate it by summing the consumption values for the available months and dividing by the count of those months."
bill5,Q11,What is the late-payment surcharge after the due date?,"Based on the bill, the amount payable after the due date (specifically for the period after 16-Jul-26) is Rs. 0.00. The bill does not show a separate late-payment surcharge fee added after the due date, as the total payable remains Rs. 0 due to your account's credit balance."
bill5,Q12,Is there any subsidy applied to my bill? How much?,"The bill does not show any explicit subsidy applied to your account. However, it does list a negative Uniform Quarterly Adjustment of Rs. -1,442.74, which reduces your total charges."
bill5,Q13,What is the date of the bill issue and the billing period covered?,"The bill issue date is June 29, 2026 (29-Jun-2026), and the bill month/billing period covered is June 2026 (Jun-26), based on a reading date of June 25, 2026 for a billing period of 1 month."
bill5,Q14,What meter reading date is on my bill and the reading on that date?,"The meter reading date on your bill is **25-Jun-26**. On that date, the readings for your energy registers were:
- Energy - Off Peak: Previous 1163.29, Current 1923.73 (760.44 units)
- Energy - Peak: Previous 402.35, Current 542.85 (140.50 units)
- Import Energy Off Peak: Previous 10865.55, Current 12238.40 (1372.85 units)
- Import Energy Peak: Previous 4.97, Current 6.53 (1.56 units)"
bill5,Q15,"How much do I have to pay after the due date, including surcharges?","The amount payable after the due date (specifically, after 16-Jul-26) is **Rs. 0.00**. The bill shows a net metering benefit and credit balance resulting in a zero payable amount both within and after the due date."
bill5,Q16,"Was my last month's consumption higher or lower than this month, based on the history on the bill?","Based on the ""13 Month Usage History"" chart on the bill, last month's consumption (May 2026) was 599 units, while this month's consumption (June 2026) is 901 units. Therefore, your last month's consumption was lower than this month by 302 units (901 - 599 = 302)."
bill5,Q17,What is the fixed charge on my bill and how was it calculated?,"The fixed charge on your bill is Rs. 3,375.00. According to the Bill Calculation section, it is calculated based on 5 units at a rate of Rs. 675.0000 per unit."
bill5,Q18,"What did my previous bill amount to, if shown on this bill?","The bill's ""Billing & Payment History"" section shows the billed amounts for the previous three months: Rs. 32,842.35 for 05/26, Rs. 18,957.94 for 04/26, and Rs. 13,564.05 for 03/26."
